decile,n,fraud_rate,capture,lift
1,20502,0.09384450297531947,0.6685198054204309,6.684904586335379
2,20501,0.02058436173845178,0.8151494093120223,1.4663031912306248
3,20501,0.010877518169845373,0.8926337734537874,0.7748474209583635
4,20501,0.005950929222964733,0.9350243224461432,0.4239075576543513
5,20501,0.0036095800204868056,0.9607366226546212,0.2571242562821475
6,20501,0.0019511243353982732,0.9746351633078527,0.1389860844768365
7,20501,0.0013170089263938344,0.9840166782487839,0.09381560702186463
8,20501,0.0010731183844690502,0.9916608756080612,0.07644234646226006
9,20501,0.0008292278425442661,0.9975677553856845,0.059069085902655506
10,20501,0.0003414467586946978,1.0,0.024322564783446386
